NCESSCH,SCH_NAME,LEA_NAME,LCITY,LSTATE,ENR,WEBSITE,CHARTER_TEXT
060244213830,Highlands Community Charter,Highlands Community Charter District,Sacramento,CA,11713.0,http://www.hccts.org,Yes
020013000253,Interior Distance Education of Alaska (IDEA),Galena City School District,Fairbanks,AK,7876.0,http://www.ideafamilies.org,No
160249001094,IDAHO HOME LEARNING ACADEMY CHARTER,ONEIDA COUNTY DISTRICT,MALAD CITY,ID,7764.0,,Yes
060208911707,River Springs Charter,River Springs Charter District,Temecula,CA,7703.0,http://springscharterschools.org,Yes
060206214020,Blue Ridge Academy,Blue Ridge Academy District,Maricopa,CA,7657.0,http://www.theblueridgeacademy.com,Yes
060235308283,Visions In Education,Visions In Education District,Carmichael,CA,7460.0,http://www.viedu.org,Yes
060196114103,Pacific Coast Academy,Pacific Coast Academy District,Poway,CA,6760.0,http://www.pacificcoastacademy.org,Yes
060251314419,Mission Vista Academy,Mission Vista Academy District,Beaumont,CA,6724.0,http://missionvistaacademy.org/,Yes
340002400289,North Star Academy Charter School,North Star Academy Charter School,NEWARK,NJ,6714.0,http://www.northstaracademy.org,Yes
340007000529,TEAM Academy Charter School,TEAM Academy Charter School,NEWARK,NJ,6406.0,http://www.kippnj.org,Yes
060159014226,Heartland Charter,Heartland Charter District,Maricopa,CA,5970.0,http://www.heartlandcharterschool.com,Yes
060220603050,Granada Hills Charter,Granada Hills Charter District,Granada Hills,CA,5927.0,http://www.ghctk12.com,Yes
360009101928,BROOKLYN TECHNICAL HIGH SCHOOL,NEW YORK CITY GEOGRAPHIC DISTRICT #13,BROOKLYN,NY,5848.0,http://www.bths.edu,No
060227413913,Cabrillo Point Academy,Cabrillo Point Academy District,Poway,CA,5706.0,http://www.cabrillopointacademy.org,Yes
180192002690,Indiana Gateway Digital Academy,Clarksville Community School Corp,Clarksville,IN,5318.0,,No
481500001002,CONROE H S,CONROE ISD,CONROE,TX,5252.0,http://WWW.Conroeisd.net,No
180120000193,Carmel High School,Carmel Clay Schools,Carmel,IN,5239.0,,No
480789000117,ALLEN H S,ALLEN ISD,ALLEN,TX,5206.0,http://www.allenisd.org/o/ahs,No
422004000859,Reading SHS,Reading SD,Reading,PA,4879.0,,No
360528004433,BRENTWOOD HIGH SCHOOL,BRENTWOOD UNION FREE SCHOOL DISTRICT,BRENTWOOD,NY,4816.0,http://www.brentwood.k12.ny.us,No
400549002795,BROKEN ARROW HS,BROKEN ARROW,Broken Arrow,OK,4802.0,http://www.baschools.org,No
173258003385,Adlai E Stevenson High School,Adlai E Stevenson HSD 125,Lincolnshire,IL,4758.0,http://www.d125.org,No
510012000054,Alexandria City High,Alexandria City Public Schools,Alexandria,VA,4655.0,http://achs.acps.k12.va.us/,No
170993000942,Lane Technical High School,Chicago Public Schools Dist 299,Chicago,IL,4604.0,http://www.cps.edu,No
120018003815,CYPRESS BAY HIGH SCHOOL,BROWARD,WESTON,FL,4579.0,,No
360009901953,FRANCIS LEWIS HIGH SCHOOL,NEW YORK CITY GEOGRAPHIC DISTRICT #26,FRESH MEADOWS,NY,4573.0,http://www.francislewishs.org,No
170993001153,Taft High School,Chicago Public Schools Dist 299,Chicago,IL,4487.0,http://www.cps.edu,No
481500001007,THE WOODLANDS H S,CONROE ISD,THE WOODLANDS,TX,4444.0,http://www.conroeisd.net,No
510126000516,Lake Braddock Secondary,Fairfax County Public Schools,Burke,VA,4411.0,,No
481764001524,DUNCANVILLE H S,DUNCANVILLE ISD,DUNCANVILLE,TX,4399.0,,No
060251614425,Granite Mountain Charter,Granite Mountain Charter District,Lucerne Valley,CA,4393.0,http://granitemountainschool.com/,Yes
060985011709,Eleanor Roosevelt High,Corona-Norco Unified,Eastvale,CA,4353.0,http://roosevelt.cnusd.k12.ca.us,No
120039004077,JOHN A. FERGUSON SENIOR HIGH,MIAMI-DADE,MIAMI,FL,4291.0,http://fergusonhs.org,No
482025001989,NORTH SHORE SENIOR HIGH,GALENA PARK ISD,HOUSTON,TX,4284.0,http://www.galenaparkisd.com,No
422432001972,Upper Darby SHS,Upper Darby SD,Drexel Hill,PA,4187.0,,No
174125004141,Waukegan High School,Waukegan CUSD 60,Waukegan,IL,4186.0,http://schools.wps60.org/whs/,No
181173002666,Indiana Digital JR and High School,Union School Corporation,Modoc,IN,4166.0,,No
481800001589,PERMIAN H S,ECTOR COUNTY ISD,ODESSA,TX,4138.0,,No
421170000026,Hazleton Area HS,Hazleton Area SD,Hazle Township,PA,4071.0,,No
481521001028,COPPELL H S,COPPELL ISD,COPPELL,TX,4068.0,http://www.coppellisd.com,No
120180004452,VILLAGES CHARTER SCHOOL,SUMTER,THE VILLAGES,FL,4062.0,http://www.thevillagescharterschool.org,Yes
480783000103,ELSIK H S,ALIEF ISD,HOUSTON,TX,4057.0,http://www.aliefisd.net,No
481653001415,DEER PARK H S,DEER PARK ISD,DEER PARK,TX,4057.0,http://www.dpisd.org,No
061146001264,Downey High,Downey Unified,Downey,CA,4051.0,,No
360015101952,FORT HAMILTON HIGH SCHOOL,NEW YORK CITY GEOGRAPHIC DISTRICT #20,BROOKLYN,NY,4044.0,http://www.forthamiltonhighschool.net,No
170468000143,East High School,Aurora East USD 131,Aurora,IL,4020.0,http://www.d131.org,No
482730003072,LEWISVILLE H S,LEWISVILLE ISD,LEWISVILLE,TX,4001.0,,No
360015302009,JAMES MADISON HIGH SCHOOL,NEW YORK CITY GEOGRAPHIC DISTRICT #22,BROOKLYN,NY,3983.0,http://www.madisonhs.org,No
482391011267,SUMMER CREEK H S,HUMBLE ISD,HOUSTON,TX,3972.0,http://www.humbleisd.net/schs,No
260107008516,Michigan Great Lakes Virtual Academy,Michigan Great Lakes Virtual Academy,MANISTEE,MI,3934.0,,Yes
060180510641,California Virtual Academy @ San Diego,California Virtual Academy @ San Diego District,Simi Valley,CA,3924.0,http://www.caliva.org,Yes
482574013407,KLEIN CAIN H S,KLEIN ISD,KLEIN,TX,3922.0,http://www.kleinisd.net,No
450363001038,Dorman High,Spartanburg 06,Roebuck,SC,3920.0,,No
062250002751,Polytechnic High,Long Beach Unified,Long Beach,CA,3890.0,,No
060162914107,Sage Oak Charter,Sage Oak Charter District,Redlands,CA,3879.0,http://www.sageoak.education,Yes
080291000186,Cherry Creek High School,Cherry Creek School District No. 5 in the county of Arapah,GREENWOOD VILLAGE,CO,3852.0,,No
481623001357,SKYLINE H S,DALLAS ISD,DALLAS,TX,3837.0,http://www.dallasisd.org/skyline,No
481500013065,GRAND OAKS H S,CONROE ISD,SPRING,TX,3836.0,http://www.conroeisd.net,No
483808004254,ROUND ROCK H S,ROUND ROCK ISD,ROUND ROCK,TX,3824.0,http://schools.roundrockisd.org/rrhs/,No
481800001587,ODESSA H S,ECTOR COUNTY ISD,ODESSA,TX,3814.0,,No
481707001477,DICKINSON H S,DICKINSON ISD,DICKINSON,TX,3810.0,http://www.dickinsonisd.org,No
120171001872,SEMINOLE HIGH SCHOOL,SEMINOLE,SANFORD,FL,3807.0,http://seminolehs.scps.k12.fl.us/,No
402100001046,MUSTANG HS,MUSTANG,Mustang,OK,3804.0,http://www.mustangps.org,No
130255001906,Brookwood High School,Gwinnett County,Snellville,GA,3803.0,,No
480783000104,HASTINGS H S,ALIEF ISD,HOUSTON,TX,3786.0,http://www.aliefisd.net,No
274216001765,WAYZATA HIGH,WAYZATA PUBLIC SCHOOL DISTRICT,PLYMOUTH,MN,3781.0,http://www.wayzataschools.org/whs,No
482517010760,SEVEN LAKES H S,KATY ISD,KATY,TX,3773.0,http://www.katyisd.org/,No
482574005759,KLEIN OAK H S,KLEIN ISD,KLEIN,TX,3766.0,http://www.kleinisd.net,No
483600004064,PROSPER H S,PROSPER ISD,PROSPER,TX,3753.0,http://www.prosper-isd.net,No
360010302883,TOTTENVILLE HIGH SCHOOL,NEW YORK CITY GEOGRAPHIC DISTRICT #31,STATEN ISLAND,NY,3750.0,http://www.tottenvillehs.com,No
482517008271,CINCO RANCH H S,KATY ISD,KATY,TX,3740.0,http://www.katyisd.org/,No
483999004534,C E KING H S,SHELDON ISD,HOUSTON,TX,3716.0,http://www.sheldonisd.com,No
510126000561,Robinson Secondary,Fairfax County Public Schools,Fairfax,VA,3710.0,,No
481611013434,BRIDGELAND H S,CYPRESS-FAIRBANKS ISD,CYPRESS,TX,3707.0,,No
172388002601,Lyons Twp High Sch,Lyons Twp HSD 204,La Grange,IL,3706.0,http://www.lths.net,No
482391010753,ATASCOCITA H S,HUMBLE ISD,HUMBLE,TX,3696.0,http://www.humbleisd.net/ahs,No
483432003821,DOBIE H S,PASADENA ISD,HOUSTON,TX,3692.0,,No
180876001451,Penn High School,Penn-Harris-Madison School Corp,Mishawaka,IN,3687.0,,No
020086200453,Raven School,Yukon-Koyukuk School District,Fairbanks,AK,3687.0,http://www.ravenhomeschool.com/,No
181272002021,North Central High School,MSD Washington Township,Indianapolis,IN,3682.0,,No
172335002571,Lockport Township High Sch East,Lockport Twp HSD 205,Lockport,IL,3678.0,http://www.lths.org,No
220023102392,Acadiana Renaissance Charter Academy,Acadiana Renaissance Charter Academy,Youngsville,LA,3669.0,,Yes
482730008195,HEBRON H S,LEWISVILLE ISD,CARROLLTON,TX,3668.0,,No
360015302032,MIDWOOD HIGH SCHOOL,NEW YORK CITY GEOGRAPHIC DISTRICT #22,BROOKLYN,NY,3657.0,http://www.midwoodhighschool.org,No
401572000739,JENKS HS,JENKS,Jenks,OK,3655.0,http://www.jenksps.org,No
170471000174,West Aurora High School,Aurora West USD 129,Aurora,IL,3641.0,http://www.sd129.org/Domain/22,No
481662001424,DEL VALLE H S,DEL VALLE ISD,DEL VALLE,TX,3641.0,http://sites.dvisd.net/dvhs/,No
130255002387,Grayson High School,Gwinnett County,Loganville,GA,3627.0,,No
481437000925,CLEVELAND H S,CLEVELAND ISD,CLEVELAND,TX,3627.0,http://chs.clevelandisd.org/o/chs,No
090102000150,Danbury High School,Danbury School District,Danbury,CT,3612.0,http://dhs.danbury.k12.ct.us/,No
061146001278,Warren (Earl) High,Downey Unified,Downey,CA,3609.0,,No
120087008579,JULE F SUMNER HIGH SCHOOL,HILLSBOROUGH,RIVERVIEW,FL,3602.0,,No
250309000385,Brockton High,Brockton,Brockton,MA,3598.0,http://www.bpsma.org,No
181065002392,Fishers High School,Hamilton Southeastern Schools,Fishers,IN,3590.0,,No
050306000073,BENTONVILLE HIGH SCHOOL,BENTONVILLE SCHOOL DISTRICT,BENTONVILLE,AR,3579.0,http://www.bentonvillek12.org,No
060985004959,Santiago High,Corona-Norco Unified,Corona,CA,3577.0,http://santiago.cnusd.k12.ca.us,No
482647005763,LAKE TRAVIS H S,LAKE TRAVIS ISD,AUSTIN,TX,3569.0,,No
403060001704,UNION HS,UNION,Tulsa,OK,3569.0,http://www.unionps.org/,No
060252414444,Cottonwood,Cottonwood District,El Dorado Hills,CA,3563.0,http://cottonwoodk12.org,Yes
171449001804,Evanston Twp High School,Evanston Twp HSD 202,Evanston,IL,3560.0,http://www.eths.k12.il.us,No
362070002910,NEWBURGH FREE ACADEMY,NEWBURGH CITY SCHOOL DISTRICT,NEWBURGH,NY,3550.0,http://www.newburghschools.org,No
482517002809,KATY H S,KATY ISD,KATY,TX,3543.0,http://www.katyisd.org/,No
174080004097,Warren Township High School,Warren Twp HSD 121,Gurnee,IL,3537.0,http://www.d121.org,No
480870005643,MARTIN H S,ARLINGTON ISD,ARLINGTON,TX,3535.0,,No
180027000057,Avon High School,Avon Community School Corp,Avon,IN,3523.0,,No
271167000546,MINNETONKA SENIOR HIGH,MINNETONKA PUBLIC SCHOOL DISTRICT,MINNETONKA,MN,3514.0,http://www.minnetonkaschools.org/schools/high-school/mhs,No
120018002120,WESTERN HIGH SCHOOL,BROWARD,DAVIE,FL,3510.0,,No
181065001752,Hamilton Southeastern HS,Hamilton Southeastern Schools,Fishers,IN,3504.0,,No
360015201943,EDWARD R MURROW HIGH SCHOOL,NEW YORK CITY GEOGRAPHIC DISTRICT #21,BROOKLYN,NY,3503.0,http://www.ermurrowhs.org,No
480771000076,MACARTHUR H S,ALDINE ISD,HOUSTON,TX,3501.0,http://www.aldineisd.org,No
481611011252,CYPRESS WOODS H S,CYPRESS-FAIRBANKS ISD,CYPRESS,TX,3469.0,http://www.cfisd.net,No
481611011253,CYPRESS RANCH H S,CYPRESS-FAIRBANKS ISD,CYPRESS,TX,3463.0,http://www.cfisd.net,No
484365004962,UNITED H S,UNITED ISD,LAREDO,TX,3463.0,http://www.uisd.net,No
421899003855,Northeast HS,Philadelphia City SD,Philadelphia,PA,3463.0,,No
060429000386,Beaumont Senior High,Beaumont Unified,Beaumont,CA,3460.0,http://bhs.beaumontusd.us/,No
260110708801,Highpoint Virtual Academy of MIchigan,Highpoint Virtual Academy of Michigan,MESICK,MI,3455.0,,Yes
250666002856,Lawrence High School,Lawrence,Lawrence,MA,3453.0,http://www.lawrence.k12.ma.us,No
172061002352,Joliet West High School,Joliet Twp HSD 204,Joliet,IL,3451.0,http://www.jths.org,No
482517012984,PAETOW H S,KATY ISD,KATY,TX,3447.0,,No
060211812256,Five Keys Independence HS (SF Sheriff's),Five Keys Independence HS (SF Sheriff's) District,San Francisco,CA,3447.0,http://www.fivekeyscharter.org,Yes
120144001455,APOPKA HIGH,ORANGE,APOPKA,FL,3446.0,http://apopkahs.ocps.net/,No
060816008807,Etiwanda High,Chaffey Joint Union High,Etiwanda,CA,3446.0,http://www.cjuhsd.net,No
250702001041,Lowell High,Lowell,Lowell,MA,3446.0,http://lhs.lowell.k12.ma.us,No
040187001677,Hamilton High School,Chandler Unified District #80 (4242),CHANDLER,AZ,3444.0,http://www.cusd80.com/HHS,No
180375000597,Franklin Central High School,Franklin Township Com Sch Corp,Indianapolis,IN,3438.0,,No
390504503954,William Mason High School,Mason City,Mason,OH,3435.0,,No
482730008196,FLOWER MOUND H S,LEWISVILLE ISD,FLOWER MOUND,TX,3426.0,,No
481983001945,FRENSHIP H S,FRENSHIP ISD,WOLFFORTH,TX,3422.0,,No
040497000406,Mountain View High School,Mesa Unified District (4235),MESA,AZ,3421.0,http://www.mpsaz.org/mountainview,No
482574005522,KLEIN FOREST H S,KLEIN ISD,KLEIN,TX,3418.0,http://www.kleinisd.net,No
483444003863,PEARLAND H S,PEARLAND ISD,PEARLAND,TX,3412.0,http://www.pearlandisd.org/pearlandhs,No
062250002745,Millikan High,Long Beach Unified,Long Beach,CA,3408.0,,No
360015101947,FRANKLIN DELANO ROOSEVELT HIGH SCHOOL,NEW YORK CITY GEOGRAPHIC DISTRICT #20,BROOKLYN,NY,3403.0,http://www.fdrhs.org,No
483294008116,REAGAN H S,NORTH EAST ISD,SAN ANTONIO,TX,3403.0,http://www.neisd.net,No
063060004752,Pittsburg Senior High,Pittsburg Unified,Pittsburg,CA,3403.0,http://www.pittsburg.k12.ca.us,No
482658013110,FULSHEAR H S,LAMAR CISD,FULSHEAR,TX,3401.0,http://www.lcisd.org,No
062985004653,Paramount High,Paramount Unified,Paramount,CA,3400.0,,No
120039003052,CORAL REEF SENIOR HIGH SCHOOL,MIAMI-DADE,MIAMI,FL,3399.0,http://coralreef.dadeschools.net,No
172688002871,J Sterling Morton East High Sch,J S Morton HSD 201,Cicero,IL,3394.0,http://www.morton201.org/schools/east.asp,No
360010001951,FOREST HILLS HIGH SCHOOL,NEW YORK CITY GEOGRAPHIC DISTRICT #28,FOREST HILLS,NY,3394.0,http://www.fhhsweb.org,No
181236001973,Warren Central High School,MSD Warren Township,Indianapolis,IN,3391.0,,No
482517005518,TAYLOR H S,KATY ISD,KATY,TX,3384.0,http://www.katyisd.org/,No
120144003745,TIMBER CREEK HIGH,ORANGE,ORLANDO,FL,3383.0,http://timbercreekhs.ocps.net/,No
120039000612,SOUTH DADE SENIOR HIGH SCHOOL,MIAMI-DADE,HOMESTEAD,FL,3382.0,http://sdhs.net,No
040497001411,Red Mountain High School,Mesa Unified District (4235),MESA,AZ,3379.0,http://www.mpsaz.org/rmhs,No
060147211464,Ocean Grove Charter,Ocean Grove Charter District,Boulder Creek,CA,3378.0,http://www.ogcs.org/,Yes
172688002872,J Sterling Morton West High Sch,J S Morton HSD 201,Berwyn,IL,3374.0,http://www.morton201.org/schools/west.asp,No
060250214438,Options For Youth - Duarte Inc,Options For Youth - Duarte Inc District,Pasadena,CA,3369.0,http://www.ofy.org,Yes
482574002903,KLEIN H S,KLEIN ISD,KLEIN,TX,3366.0,http://www.kleinisd.net,No
481785001554,EAST CENTRAL H S,EAST CENTRAL ISD,SAN ANTONIO,TX,3362.0,,No
450201000402,Summerville High,Dorchester 02,Summerville,SC,3361.0,,No
482574008631,KLEIN COLLINS H S,KLEIN ISD,KLEIN,TX,3360.0,http://www.kleinisd.net,No
180102000176,Brownsburg High School,Brownsburg Community School Corp,Brownsburg,IN,3355.0,,No
062250002769,Wilson High,Long Beach Unified,Long Beach,CA,3349.0,,No
482517013663,JORDAN H S,KATY ISD,KATY,TX,3330.0,,No
060002911249,Vista Murrieta High,Murrieta Valley Unified,Murrieta,CA,3328.0,http://www.murrieta.k12.ca.us/vmhs,No
481611001186,JERSEY VILLAGE H S,CYPRESS-FAIRBANKS ISD,HOUSTON,TX,3323.0,http://www.cfisd.net,No
063414005344,Hollister High,San Benito High,Hollister,CA,3316.0,http://www.haybaler.org,No
181281002028,Ben Davis High School,MSD Wayne Township,Indianapolis,IN,3315.0,,No
481500010964,COLLEGE PARK H S,CONROE ISD,THE WOODLANDS,TX,3313.0,http://www.conroeisd.net,No
172928003070,Oak Park & River Forest High Sch,Oak Park - River Forest SD 200,Oak Park,IL,3307.0,,No
320006000754,Desert Oasis HS,Clark County,Las Vegas,NV,3300.0,,No
490003001538,Cedar Valley High,Alpine District,EAGLE MOUNTAIN,UT,3300.0,,No
174007004025,Bolingbrook High School,Valley View CUSD 365U,Bolingbrook,IL,3298.0,http://www.vvsd.org,No
172061002350,Joliet Central High School,Joliet Twp HSD 204,Joliet,IL,3295.0,,No
180765001309,Noblesville High School,Noblesville Schools,Noblesville,IN,3291.0,,No
483318013139,V R EATON H S,NORTHWEST ISD,FORT WORTH,TX,3288.0,http://ehs.nisdtx.org,No
482829003163,LOS FRESNOS H S,LOS FRESNOS CISD,LOS FRESNOS,TX,3285.0,http://lfhs.lfcisd.net,No
421851002829,Parkland HS,Parkland SD,Allentown,PA,3279.0,http://phs.parklandsd.org/,No
120144001447,WINTER PARK HIGH,ORANGE,WINTER PARK,FL,3277.0,http://winterparkhs.ocps.net/,No
483095003487,MINERAL WELLS SCHOOLS,MINERAL WELLS ISD,MINERAL WELLS,TX,3275.0,http://www.mwisd.net,No
490036000218,Granger High,Granite District,WEST VALLEY CITY,UT,3267.0,http://www.graniteschools.org/hs/granger/,No
240048000877,Montgomery Blair High,Montgomery County Public Schools,Silver Spring,MD,3266.0,http://www.mbhs.edu/,No
120150001548,JOHN I. LEONARD HIGH SCHOOL,PALM BEACH,GREENACRES,FL,3262.0,http://jilh.palmbeachschools.org,No
360007702877,STUYVESANT HIGH SCHOOL,NEW YORK CITY GEOGRAPHIC DISTRICT # 2,NEW YORK,NY,3261.0,http://www.stuy.edu,No
510126000493,Hayfield Secondary,Fairfax County Public Schools,Alexandria,VA,3256.0,,No
320006000539,Sierra Vista HS,Clark County,Las Vegas,NV,3255.0,,No
484365006922,UNITED SOUTH H S,UNITED ISD,LAREDO,TX,3252.0,http://www.uisd.net,No
130222003954,Lambert High School,Forsyth County,Suwanee,GA,3249.0,http://www.forsyth.k12.ga.us/lhs/site/,No
484365009091,LYNDON B JOHNSON,UNITED ISD,LAREDO,TX,3240.0,http://www.uisd.net,No
482142002162,SOUTH GRAND PRAIRIE H S,GRAND PRAIRIE ISD,GRAND PRAIRIE,TX,3239.0,http://www.gpisd.org/sgphs,No
120144001403,COLONIAL HIGH,ORANGE,ORLANDO,FL,3239.0,http://colonialhs.ocps.net/,No
360015102036,NEW UTRECHT HIGH SCHOOL,NEW YORK CITY GEOGRAPHIC DISTRICT #20,BROOKLYN,NY,3236.0,http://www.newutrechthighschoolnyc.com,No
040497000404,Mesa High School,Mesa Unified District (4235),MESA,AZ,3233.0,http://www.mpsaz.org/mesa,No
484296004894,TOMBALL H S,TOMBALL ISD,TOMBALL,TX,3227.0,http://www.tomballisd.net,No
370297001244,Myers Park High School,Charlotte-Mecklenburg Schools,Charlotte,NC,3225.0,http://www.cmsk12.org/myersparkHS,No
481611001183,CYPRESS CREEK H S,CYPRESS-FAIRBANKS ISD,HOUSTON,TX,3222.0,http://www.cfisd.net,No
060816001122,Rancho Cucamonga High,Chaffey Joint Union High,Rancho Cucamonga,CA,3221.0,http://www.cjuhsd.net,No
060474000432,Berkeley High,Berkeley Unified,Berkeley,CA,3218.0,http://bhs.berkeleyschools.net/,No
120144008613,WINDERMERE HIGH,ORANGE,WINDERMERE,FL,3217.0,http://windermerehs.ocps.net/,No
481611001182,CY-FAIR H S,CYPRESS-FAIRBANKS ISD,CYPRESS,TX,3216.0,http://www.cfisd.net,No
482364002397,BELLAIRE H S,HOUSTON ISD,BELLAIRE,TX,3216.0,http://www.houstonisd.org,No
130255001114,Parkview High School,Gwinnett County,Lilburn,GA,3216.0,,No
484296012380,TOMBALL MEMORIAL H S,TOMBALL ISD,TOMBALL,TX,3213.0,http://www.tomballisd.net,No
480870000249,SAM HOUSTON H S,ARLINGTON ISD,ARLINGTON,TX,3208.0,,No
320006000604,Liberty HS,Clark County,Henderson,NV,3203.0,,No
483294011973,JOHNSON H S,NORTH EAST ISD,SAN ANTONIO,TX,3196.0,http://www.neisd.net,No
120108004109,GATEWAY CHARTER SCHOOL,LEE,FORT MYERS,FL,3192.0,http://www.gatewaycharterschool.org,Yes
484653005295,WYLIE H S,WYLIE ISD,WYLIE,TX,3189.0,http://www.wylieisd.net,No
180891001489,Pike High School,MSD Pike Township,Indianapolis,IN,3188.0,,No
480771012108,DAVIS H S ALDINE,ALDINE ISD,HOUSTON,TX,3184.0,http://www.aldineisd.org,No
040187000123,Chandler High School,Chandler Unified District #80 (4242),CHANDLER,AZ,3179.0,http://www.cusd80.com/chs,No
120177001933,FORT PIERCE CENTRAL HIGH SCHOOL,ST. LUCIE,FORT PIERCE,FL,3178.0,http://www.stlucie.k12.fl.us/FPC/,No
483432009283,PASADENA MEMORIAL H S,PASADENA ISD,PASADENA,TX,3177.0,,No
450249000244,Carolina Forest High,Horry 01,Myrtle Beach,SC,3176.0,,No
481611011254,CYPRESS LAKES H S,CYPRESS-FAIRBANKS ISD,KATY,TX,3175.0,http://www.cfisd.net,No
060282000206,Quartz Hill High,Antelope Valley Union High,Quartz Hill,CA,3175.0,http://www.qhhs.org,No
061806002228,Fountain Valley High,Huntington Beach Union High,Fountain Valley,CA,3171.0,http://www.fvhs.com,No
484365007094,JOHN B ALEXANDER H S,UNITED ISD,LAREDO,TX,3171.0,http://www.uisd.net,No
421728005345,North Penn SHS,North Penn SD,Lansdale,PA,3165.0,,No
420711001701,Cumberland Valley HS,Cumberland Valley SD,Mechanicsburg,PA,3163.0,http://www.cvschools.org,No
060159602857,Birmingham Community Charter High,Birmingham Community Charter High District,Lake Balboa,CA,3162.0,http://birminghamcharter.com,Yes
120087004091,NEWSOME HIGH SCHOOL,HILLSBOROUGH,LITHIA,FL,3157.0,,No
270318000097,Blaine High School,Anoka-Hennepin School District,BLAINE,MN,3157.0,http://www.ahschools.us/,No
130255002903,Peachtree Ridge High School,Gwinnett County,Suwanee,GA,3155.0,,No
482517011271,TOMPKINS H S,KATY ISD,KATY,TX,3155.0,http://www.katyisd.org/,No
130339001310,Lowndes High School,Lowndes County,Valdosta,GA,3152.0,http://lhs.lowndes.k12.ga.us/,No
340330004762,Clifton High School,Clifton Public School District,CLIFTON,NJ,3150.0,http://www.clifton.k12.nj.us,No
320006000540,Coronado HS,Clark County,Henderson,NV,3147.0,,No
341638003059,Union City High School,Union City School District,Union City,NJ,3147.0,http://uchs.ucboe.us/,No
063567006084,Santa Maria High,Santa Maria Joint Union High,Santa Maria,CA,3143.0,http://www.santamariahighschool.org,No
060002807222,Chaparral High,Temecula Valley Unified,Temecula,CA,3136.0,,No
040497000419,Westwood High School,Mesa Unified District (4235),MESA,AZ,3135.0,http://www.mpsaz.org/westwood,No
530657003292,Chiawana Senior High School,Pasco School District,Pasco,WA,3127.0,,No
060816000791,Chaffey High,Chaffey Joint Union High,Ontario,CA,3127.0,http://www.cjuhsd.net,No
120144000865,CYPRESS CREEK HIGH,ORANGE,ORLANDO,FL,3127.0,http://cypresscreekhs.ocps.net/,No
120177004148,TREASURE COAST HIGH SCHOOL,ST. LUCIE,PORT ST LUCIE,FL,3124.0,http://www.stlucie.k12.fl.us/TCH/,No
120150001477,JUPITER HIGH SCHOOL,PALM BEACH,JUPITER,FL,3122.0,http://jhs.palmbeachschools.org,No
481611013325,CYPRESS PARK H S,CYPRESS-FAIRBANKS ISD,CYPRESS,TX,3117.0,,No
481965010669,WILLIAM B TRAVIS H S,FORT BEND ISD,RICHMOND,TX,3114.0,http://www.fortbendisd.com/ths,No
060903007959,Clovis East High,Clovis Unified,Clovis,CA,3113.0,,No
100001500112,Newark Charter School,Newark Charter School,Newark,DE,3109.0,http://www.newarkcharterschool.org/,Yes
361869004672,WILLIAM FLOYD HIGH SCHOOL,WILLIAM FLOYD UNION FREE SCHOOL DISTRICT,MASTIC BEACH,NY,3107.0,http://www.wfsd.k12.ny.us,No
120159001795,HAINES CITY SENIOR HIGH SCHOOL,POLK,HAINES CITY,FL,3105.0,http://www.hainescityhighschool.com/,No
120039000606,MIAMI SENIOR HIGH SCHOOL,MIAMI-DADE,MIAMI,FL,3100.0,http://miamiseniorhigh.org,No
170993001198,Curie Metropolitan High School,Chicago Public Schools Dist 299,Chicago,IL,3099.0,http://www.cps.edu,No
062691004072,James Logan High,New Haven Unified,Union City,CA,3096.0,http://www.jameslogan.org/,No
080291001951,Cherokee Trail High School,Cherry Creek School District No. 5 in the county of Arapah,AURORA,CO,3089.0,,No
120018002721,MARJORY STONEMAN DOUGLAS HIGH SCHOOL,BROWARD,PARKLAND,FL,3089.0,,No
130129000537,Campbell High School,Cobb County,Smyrna,GA,3085.0,http://www.cobbk12.org/CampbellHS/,No
063567011438,Pioneer Valley High,Santa Maria Joint Union High,Santa Maria,CA,3080.0,http://www.pvhspanthers.org,No
420228002794,William Allen HS,Allentown City SD,Allentown,PA,3074.0,,No
180327002693,Elkhart High School,Elkhart Community Schools,Elkhart,IN,3073.0,,No
483765011000,ROCKWALL-HEATH H S,ROCKWALL ISD,HEATH,TX,3072.0,http://www.rockwallisd.com/Domain/9,No
061954002340,Bakersfield High,Kern High,Bakersfield,CA,3069.0,http://bakersfield.kernhigh.org,No
320006000661,Arbor View HS,Clark County,Las Vegas,NV,3069.0,,No
063488005893,San Marcos High,San Marcos Unified,San Marcos,CA,3067.0,http://www.smusd.org,No
410171001767,Baker Web Academy,Baker SD 5J,Baker City,OR,3066.0,http://www.bakercharters.org,Yes
060246014019,Yosemite Valley Charter,Yosemite Valley Charter District,Fresno,CA,3065.0,http://yosemitevalleycharter.org,Yes
130255003838,Archer High School,Gwinnett County,Lawrenceville,GA,3058.0,,No
484473005095,WAXAHACHIE H S,WAXAHACHIE ISD,WAXAHACHIE,TX,3056.0,http://www.wisd.org,No
360010302035,NEW DORP HIGH SCHOOL,NEW YORK CITY GEOGRAPHIC DISTRICT #31,STATEN ISLAND,NY,3055.0,http://www.newdorphs.org,No
490003001293,Westlake High,Alpine District,SARATOGA SPRINGS,UT,3052.0,http://westlake.alpinedistrict.org/,No
402328001235,OWASSO HS,OWASSO,Owasso,OK,3050.0,http://www.owassops.org,No
362049001900,NEW ROCHELLE HIGH SCHOOL,NEW ROCHELLE CITY SCHOOL DISTRICT,NEW ROCHELLE,NY,3047.0,http://www.nred.org,No
060190202977,El Camino Real Charter High,El Camino Real Charter High District,Woodland Hills,CA,3046.0,http://ecrchs.net,Yes
510027000112,Washington-Liberty High,Arlington County Public Schools,Arlington,VA,3044.0,http://www.apsva.us/washingtonlee/site/default.asp,No
063513011990,Dougherty Valley High,San Ramon Valley Unified,San Ramon,CA,3039.0,http://www.srvusd.net,No
180249000293,Crown Point High School,Crown Point Community School Corp,Crown Point,IN,3038.0,,No
370297002910,Ardrey Kell High School,Charlotte-Mecklenburg Schools,Charlotte,NC,3036.0,http://www.cmsk12.org/ardreykellHS,No
482517006001,MAYDE CREEK H S,KATY ISD,HOUSTON,TX,3036.0,http://www.katyisd.org/,No
130255001123,North Gwinnett High School,Gwinnett County,Suwanee,GA,3033.0,,No
483510005796,PLANO EAST SR H S,PLANO ISD,PLANO,TX,3033.0,http://www.pisd.edu,No
120126004386,WEST PORT HIGH SCHOOL,MARION,OCALA,FL,3022.0,,No
481611001148,CYPRESS FALLS H S,CYPRESS-FAIRBANKS ISD,HOUSTON,TX,3018.0,http://www.cfisd.net,No
174169002092,Neuqua Valley High School,Indian Prairie CUSD 204,Naperville,IL,3018.0,http://www.ipsd.org,No
240048000942,Walter Johnson High,Montgomery County Public Schools,Bethesda,MD,3016.0,http://www.montgomeryschoolsmd.org/schools/wjhs/,No
130402003625,North Paulding High School,Paulding County,Dallas,GA,3015.0,,No
060243713121,Assurance Learning Academy,Assurance Learning Academy District,Lancaster,CA,3014.0,http://assurancelearning.org/,Yes
240051001059,High Point High,Prince George's County Public Schools,Beltsville,MD,3012.0,http://www.pgcps.org/highpoint/,No
130111000432,Cherokee High School,Cherokee County,Canton,GA,3012.0,,No
320006000495,Desert Pines HS,Clark County,Las Vegas,NV,3011.0,,No
481611005973,LANGHAM CREEK H S,CYPRESS-FAIRBANKS ISD,HOUSTON,TX,3011.0,http://www.cfisd.net,No
120039006229,HIALEAH GARDENS SENIOR HIGH SCHOOL,MIAMI-DADE,HIALEAH GARDENS,FL,3009.0,http://hghsgladiators.com,No
360009901917,BAYSIDE HIGH SCHOOL,NEW YORK CITY GEOGRAPHIC DISTRICT #26,BAYSIDE,NY,3004.0,http://www.baysidehighschool.org,No
484071011391,EASTLAKE H S,SOCORRO ISD,EL PASO,TX,3004.0,http://www.sisd.net,No
130150002028,East Coweta High School,Coweta County,Sharpsburg,GA,3001.0,http://cowetaschools.org,No
482730005770,MARCUS H S,LEWISVILLE ISD,FLOWER MOUND,TX,2998.0,,No
484443005073,WALLER H S,WALLER ISD,WALLER,TX,2995.0,http://www.wallerisd.net,No
361923001753,LONGWOOD HIGH SCHOOL,LONGWOOD CENTRAL SCHOOL DISTRICT,MIDDLE ISLAND,NY,2993.0,http://www.longwood.k12.ny.us,No
040340000246,Highland High School,Gilbert Unified District (4239),GILBERT,AZ,2992.0,http://highlandhigh.gilbertschools.net,No
330736000510,Pinkerton Academy,Pinkerton Academy School District,Derry,NH,2990.0,http://www.pinkertonacademy.org/,No
483870004302,CENTRAL H S,SAN ANGELO ISD,SAN ANGELO,TX,2985.0,http://central.saisd.org/,No
403348001849,YUKON HS,YUKON,Yukon,OK,2984.0,http://yukonps.com,No
270318000021,Champlin Park High School,Anoka-Hennepin School District,CHAMPLIN,MN,2978.0,http://www.ahschools.us/,No
130255001905,Berkmar High School,Gwinnett County,Lilburn,GA,2975.0,http://www.gcpsk12.org/BerkmarHS,No
120144007646,LAKE NONA HIGH,ORANGE,ORLANDO,FL,2974.0,http://lakenonahs.ocps.net/,No
120039002988,BARBARA GOLEMAN SENIOR HIGH,MIAMI-DADE,MIAMI LAKES,FL,2973.0,http://bghs.dadeschools.net/,No
483702004138,LAKE HIGHLANDS H S,RICHARDSON ISD,DALLAS,TX,2972.0,http://schools.risd.org/LakeHighlandsHS,No
482526011897,TIMBER CREEK H S,KELLER ISD,FORT WORTH,TX,2970.0,http://www.kellerisd.net,No
483318012019,BYRON NELSON H S,NORTHWEST ISD,TROPHY CLUB,TX,2969.0,http://bnhs.nisdtx.org/,No
362667003640,SHENENDEHOWA HIGH SCHOOL,SHENENDEHOWA CENTRAL SCHOOL DISTRICT,CLIFTON PARK,NY,2968.0,http://www.shenet.org,No
482364002512,LAMAR H S,HOUSTON ISD,HOUSTON,TX,2968.0,http://www.houstonisd.org,No
390461102438,Lakota West High School,Lakota Local,West Chester,OH,2968.0,,No
483312012347,BRENNAN H S,NORTHSIDE ISD,SAN ANTONIO,TX,2965.0,http://nisd.net,No
120144002572,DR. PHILLIPS HIGH,ORANGE,ORLANDO,FL,2964.0,http://drphillipshs.ocps.net/,No
320006000493,Centennial HS,Clark County,Las Vegas,NV,2961.0,,No
482391002646,HUMBLE H S,HUMBLE ISD,HUMBLE,TX,2960.0,http://www.humbleisd.net/hhs,No
180144000209,Center Grove High School,Center Grove Community School Corp,Greenwood,IN,2956.0,,No
510313003025,Charles J. Colgan Sr. High,Prince William County Public Schools,Manassas,VA,2956.0,http://colganhs.pwcs.edu/,No
360008701922,BRONX HIGH SCHOOL OF SCIENCE (THE),NEW YORK CITY GEOGRAPHIC DISTRICT #10,BRONX,NY,2953.0,http://www.bxscience.edu,No
484071013099,PEBBLE HILLS H S,SOCORRO ISD,EL PASO,TX,2952.0,http://www.sisd.net,No
482526002822,KELLER H S,KELLER ISD,KELLER,TX,2951.0,http://www.kellerisd.net,No
483765004221,ROCKWALL H S,ROCKWALL ISD,ROCKWALL,TX,2949.0,http://www.rockwallisd.com/Domain/8,No
181308002075,Westfield High School,Westfield-Washington Schools,Westfield,IN,2948.0,,No
060002811038,Great Oak High,Temecula Valley Unified,Temecula,CA,2946.0,,No
470014901574,Collierville High School,Collierville,Collierville,TN,2946.0,http://colliervillehs.colliervilleschools.org,No
482517010759,MORTON RANCH H S,KATY ISD,KATY,TX,2944.0,http://www.katyisd.org/,No
060297000223,Arcadia High,Arcadia Unified,Arcadia,CA,2939.0,,No
320006000446,Palo Verde HS,Clark County,Las Vegas,NV,2938.0,,No
040880001268,Tucson Magnet High School,Tucson Unified District (4403),TUCSON,AZ,2938.0,http://thms.tusd1.org,No
510126000059,Chantilly High,Fairfax County Public Schools,Chantilly,VA,2937.0,,No
360246000014,ALBANY HIGH SCHOOL,ALBANY CITY SCHOOL DISTRICT,ALBANY,NY,2937.0,http://www.albanyschools.org/schools/albanyhigh,No
481591008040,NORTH CROWLEY H S,CROWLEY ISD,FORT WORTH,TX,2936.0,http://www.crowley.k12.tx.us,No
120192001969,DELAND HIGH SCHOOL,VOLUSIA,DELAND,FL,2936.0,http://www.delandhs.org/,No
482034009198,SACHSE H S,GARLAND ISD,SACHSE,TX,2935.0,http://www.garlandisd.net/shs,No
482034002036,N GARLAND H S,GARLAND ISD,GARLAND,TX,2929.0,http://www.garlandisd.net/nghs,No
120147008622,TOHOPEKALIGA HIGH SCHOOL,OSCEOLA,KISSIMMEE,FL,2929.0,http://www.tkhs.osceolaschools.net/,No
180545000984,Lake Central High School,Lake Central School Corporation,Saint John,IN,2926.0,,No
062450003666,Milpitas High,Milpitas Unified,Milpitas,CA,2926.0,,No
172901003043,Glenbrook South High School,Glenbrook HSD 225,Glenview,IL,2923.0,http://www.glenbrook225.org/south,No
320006000595,Shadow Ridge HS,Clark County,Las Vegas,NV,2922.0,,No
060003206330,Redondo Union High,Redondo Beach Unified,Redondo Beach,CA,2921.0,http://redondounion.org,No
060148804593,Palisades Charter High,Palisades Charter High District,Pacific Palisades,CA,2920.0,http://palihigh.org,Yes
530876001519,Tahoma Senior High School,Tahoma School District,Maple Valley,WA,2919.0,,No
010000700251,Hoover High School,Hoover City,Hoover,AL,2919.0,http://www.hoovercityschools.net/hhs,No
172634002800,Minooka Community High School,Minooka CHSD 111,Channahon,IL,2918.0,http://www.mchs.net,No
481359000851,CHANNELVIEW H S,CHANNELVIEW ISD,CHANNELVIEW,TX,2917.0,http://www.cvisd.org,No
421641006455,Neshaminy HS,Neshaminy SD,Langhorne,PA,2916.0,,No
062259007304,Los Alamitos High,Los Alamitos Unified,Los Alamitos,CA,2915.0,http://www.losal.org/schools/lahs,No
120177003503,ST. LUCIE WEST CENTENNIAL HIGH,ST. LUCIE,PORT ST LUCIE,FL,2914.0,http://www.stlucie.k12.fl.us/SWC/,No
130078000315,Camden County High School,Camden County,Kingsland,GA,2912.0,,No
061389001570,Folsom High,Folsom-Cordova Unified,Folsom,CA,2901.0,http://www.fcusd.org,No
120144003746,OLYMPIA HIGH,ORANGE,ORLANDO,FL,2901.0,http://olympiahs.ocps.net/,No
510313001327,Woodbridge High,Prince William County Public Schools,Woodbridge,VA,2898.0,http://woodbridgehs.pwcs.edu/,No
063513005943,California High,San Ramon Valley Unified,San Ramon,CA,2894.0,http://www.chs.srvusd.net,No
120039000590,CORAL GABLES SENIOR HIGH SCHOOL,MIAMI-DADE,CORAL GABLES,FL,2894.0,http://www.coralgablescavaliers.org,No
150003000134,James Campbell High School,Hawaii Department of Education,Ewa Beach,HI,2890.0,,No
120048007629,ATLANTIC COAST HIGH SCHOOL,DUVAL,JACKSONVILLE,FL,2887.0,http://www.duvalschools.org/achs,No
362601003583,SCHENECTADY HIGH SCHOOL,SCHENECTADY CITY SCHOOL DISTRICT,SCHENECTADY,NY,2885.0,http://schenectadyschools.org,No
120150004020,PARK VISTA COMMUNITY HIGH SCHOOL,PALM BEACH,LAKE WORTH,FL,2881.0,http://pvhs.palmbeachschools.org,No
250843001336,New Bedford High,New Bedford,New Bedford,MA,2878.0,http://www.newbedfordschools.org/high.htm,No
251152001915,Taunton High,Taunton,Taunton,MA,2877.0,http://www.tauntonschools.org,No
482391005502,KINGWOOD H S,HUMBLE ISD,KINGWOOD,TX,2877.0,http://www.humbleisd.net/khs,No
480894006508,BOWIE H S,AUSTIN ISD,AUSTIN,TX,2876.0,http://www.austinisd.org/schools/bowie,No
060780000742,Castro Valley High,Castro Valley Unified,Castro Valley,CA,2874.0,,No
340077203313,Mastery Schools of Camden Inc.,Mastery Schools of Camden Inc.,Camden,NJ,2873.0,http://www.masterynj.org,No
480001013567,MOE AND GENE JOHNSON H S,HAYS CISD,BUDA,TX,2870.0,,No
173027003132,Oswego High School,CUSD 308,Oswego,IL,2870.0,http://www.oswego308.org,No
360009901919,BENJAMIN N CARDOZO HIGH SCHOOL,NEW YORK CITY GEOGRAPHIC DISTRICT #26,BAYSIDE,NY,2866.0,http://www.cardozohigh.com,No
120087003711,ALONSO HIGH SCHOOL,HILLSBOROUGH,TAMPA,FL,2863.0,,No
481611009266,CYPRESS RIDGE H S,CYPRESS-FAIRBANKS ISD,HOUSTON,TX,2861.0,http://www.cfisd.net,No
061455007963,Sunnyside High,Fresno Unified,Fresno,CA,2858.0,http://go.fresnou.org/sunnyside,No
483808005805,WESTWOOD H S,ROUND ROCK ISD,AUSTIN,TX,2858.0,http://schools.roundrockisd.org/westwood/,No
273006001277,Prior Lake High School,Prior Lake-Savage Area Schools,SAVAGE,MN,2856.0,http://www.priorlake-savage.k12.mn.us,No
120192007281,UNIVERSITY HIGH SCHOOL,VOLUSIA,ORANGE CITY,FL,2855.0,http://www.uhstitans.com/,No
481776001549,WESTLAKE H S,EANES ISD,AUSTIN,TX,2854.0,,No
080291006156,Eaglecrest High School,Cherry Creek School District No. 5 in the county of Arapah,CENTENNIAL,CO,2851.0,,No
040633000554,Trevor Browne High School,Phoenix Union High School District (4286),PHOENIX,AZ,2850.0,http://www.phoenixunion.org/browne,No
174169004173,Waubonsie Valley High School,Indian Prairie CUSD 204,Aurora,IL,2849.0,http://www.ipsd.org,No
481965000894,LAWRENCE E ELKINS H S,FORT BEND ISD,MISSOURI CITY,TX,2848.0,http://www.fortbendisd.com/ehs,No
421884004682,Pennsbury HS,Pennsbury SD,Fairless Hills,PA,2847.0,,No
271422000735,EDEN PRAIRIE SENIOR HIGH,EDEN PRAIRIE PUBLIC SCHOOL DISTRICT,EDEN PRAIRIE,MN,2844.0,http://www.edenpr.org/eden-prairie-high-school,No
120018004037,CORAL GLADES HIGH SCHOOL,BROWARD,CORAL SPRINGS,FL,2843.0,,No
420855002809,Emmaus HS,East Penn SD,Emmaus,PA,2842.0,,No
170840000459,Carl Sandburg High School,Cons HSD 230,Orland Park,IL,2840.0,http://www.d230.org,No
480783008598,TAYLOR H S,ALIEF ISD,HOUSTON,TX,2838.0,http://www.aliefisd.net,No
490042000346,Copper Hills High,Jordan District,WEST JORDAN,UT,2837.0,http://www.chills.jordan.k12.ut.us/,No
062160002573,Liberty High,Liberty Union High,Brentwood,CA,2836.0,http://www.luhsd.net/liberty,No
481830003786,FRANKLIN H S,EL PASO ISD,EL PASO,TX,2835.0,http://franklin.episd.org,No
483822004268,ROYSE CITY H S,ROYSE CITY ISD,ROYSE CITY,TX,2834.0,http://www.rcisd.org,No
340126002704,Bayonne High School,Bayonne School District,BAYONNE,NJ,2830.0,http://www.bboed.org/domain/17,No
040187002250,Basha High School,Chandler Unified District #80 (4242),CHANDLER,AZ,2826.0,http://www.cusd80.com/BHS,No
273300001440,Shakopee High School,Shakopee Public School District,SHAKOPEE,MN,2823.0,http://www.shakopee.k12.mn.us,No
040775000636,Mountain Ridge High School,Deer Valley Unified District (4246),GLENDALE,AZ,2823.0,http://www.dvusd.org/mrhs,No
362937003963,THOMAS R PROCTOR HIGH SCHOOL,UTICA CITY SCHOOL DISTRICT,UTICA,NY,2820.0,http://www.uticacsd.org,No
120150001535,BOCA RATON COMMUNITY HIGH SCHOOL,PALM BEACH,BOCA RATON,FL,2819.0,http://brhs.palmbeachschools.org,No
482142002152,GRAND PRAIRIE H S,GRAND PRAIRIE ISD,GRAND PRAIRIE,TX,2817.0,http://www.gpisd.org/gphs,No
481965012240,RIDGE POINT H S,FORT BEND ISD,MISSOURI CITY,TX,2816.0,http://www.fortbendisd.com/rphs,No
040187003483,Dr. Camille Casteel High School,Chandler Unified District #80 (4242),QUEEN CREEK,AZ,2816.0,http://www.cusd80.com/casteelhigh,No
120171001888,LAKE BRANTLEY HIGH SCHOOL,SEMINOLE,ALTAMONTE SPRINGS,FL,2813.0,http://www.lakebrantley.com/,No
060162514154,Alta Vista Innovation High,Alta Vista Innovation High District,Hesperia,CA,2812.0,http://www.innovationaltavista.org,Yes
481674013273,RAY BRASWELL H S,DENTON ISD,AUBREY,TX,2812.0,http://www.dentonisd.org/braswellhs,No
320006000567,Canyon Springs HS,Clark County,N  Las Vegas,NV,2812.0,,No
484590005228,WILLIS H S,WILLIS ISD,WILLIS,TX,2809.0,http://www.willisisd.org,No
120150002627,PALM BEACH LAKES HIGH SCHOOL,PALM BEACH,WEST PALM BEACH,FL,2809.0,http://pblh.palmbeachschools.org,No
171983002247,Huntley High School,Huntley Comm Sch Dist 158,Huntley,IL,2804.0,http://huntley158.org,No
062169002579,Lincoln High,Lincoln Unified,Stockton,CA,2801.0,,No
320006000030,Clark Ed W HS,Clark County,Las Vegas,NV,2801.0,,No
481611007623,CYPRESS SPRINGS H S,CYPRESS-FAIRBANKS ISD,CYPRESS,TX,2800.0,http://www.cfisd.net,No
180567001031,Lawrence North High School,MSD Lawrence Township,Indianapolis,IN,2799.0,,No
510126000585,West Springfield High,Fairfax County Public Schools,Springfield,VA,2799.0,,No
361401001145,NORTH ROCKLAND HIGH SCHOOL,HAVERSTRAW-STONY POINT CSD (NORTH ROCKLAND),THIELLS,NY,2798.0,http://www.nrcsd.org,No
060001609086,Upland High,Upland Unified,Upland,CA,2797.0,http://uhs.upland.k12.ca.us/,No
240048000951,Wheaton High,Montgomery County Public Schools,Silver Spring,MD,2794.0,http://www.montgomeryschoolsmd.org/schools/wheatonhs/,No
483948010700,BYRON P STEELE II H S,SCHERTZ-CIBOLO-U CITY ISD,CIBOLO,TX,2793.0,http://www.scucisd.org/o/steele,No
130129000521,Osborne High School,Cobb County,Marietta,GA,2790.0,http://www.cobbk12.org/Osborne/,No
481500007401,CANEY CREEK H S,CONROE ISD,CONROE,TX,2783.0,http://www.conroeisd.net,No
470015301570,Bartlett High School,Bartlett,Bartlett,TN,2782.0,http://bhs.bartlettschools.org,No
040852002975,West Point High School,Tolleson Union High School District (4288),AVONDALE,AZ,2782.0,http://westpoint.tuhsd.org/,No
130255003376,Mill Creek High School,Gwinnett County,Hoschton,GA,2782.0,http://www.millcreekhighschool.org/index.php,No
020051000224,Mat-Su Central School,Matanuska-Susitna Borough School District,Wasilla,AK,2780.0,http://www.matsucentral.org,No
060903000904,Clovis High,Clovis Unified,Clovis,CA,2779.0,,No
360012202014,JOHN BOWNE HIGH SCHOOL,NEW YORK CITY GEOGRAPHIC DISTRICT #25,FLUSHING,NY,2778.0,http://www.johnbowne.org,No
420885003482,Easton Area HS,Easton Area SD,Easton,PA,2778.0,,No
483312012985,HARLAN H S,NORTHSIDE ISD,SAN ANTONIO,TX,2778.0,http://www.nisd.net,No
064015010994,Arnold O. Beckman High,Tustin Unified,Irvine,CA,2776.0,,No
401059001360,SANTA FE HS,EDMOND,Edmond,OK,2774.0,http://edmondschools.net,No
450351001000,Boiling Springs High,Spartanburg 02,Boiling Springs,SC,2772.0,,No
060001909273,Dublin High,Dublin Unified,Dublin,CA,2771.0,http://www.dublinusd.org,No
172820002975,New Trier Township H S Winnetka,New Trier Twp HSD 203,Winnetka,IL,2770.0,http://www.newtrier.k12.il.us/,No
401059000474,MEMORIAL HS,EDMOND,Edmond,OK,2770.0,http://edmondschools.net,No
484347004941,TYLER LEGACY H S,TYLER ISD,TYLER,TX,2770.0,,No
341293003530,Perth Amboy High School,Perth Amboy Public School District,PERTH AMBOY,NJ,2769.0,http://www.paps.net,No
174169006090,Metea Valley High School,Indian Prairie CUSD 204,Aurora,IL,2766.0,http://www.ipsd.org,No
480809000132,ALVIN H S,ALVIN ISD,ALVIN,TX,2766.0,http://www.alvinisd.net/o/ahs,No
490036000210,Cyprus High,Granite District,MAGNA,UT,2762.0,http://www.cyprushigh.org/,No
320006000114,Western HS,Clark County,Las Vegas,NV,2761.0,,No
040834000680,Desert Vista High School,Tempe Union High School District (4287),PHOENIX,AZ,2761.0,http://www.tempeunion.org/Domain/461,No
120150004121,PALM BEACH CENTRAL HIGH SCHOOL,PALM BEACH,WELLINGTON,FL,2760.0,http://pbch.palmbeachschools.org,No
060816010605,Los Osos High,Chaffey Joint Union High,Rancho Cucamonga,CA,2759.0,http://www.cjuhsd.net,No
481500005679,OAK RIDGE H S,CONROE ISD,CONROE,TX,2758.0,http://www.conroeisd.net,No
173027005337,Oswego East High School,CUSD 308,Oswego,IL,2758.0,http://www.oswego308.org,No
481023000489,HALTOM H S,BIRDVILLE ISD,HALTOM CITY,TX,2757.0,http://www.birdvilleschools.net,No
483039008764,HORN H S,MESQUITE ISD,MESQUITE,TX,2757.0,http://www.mesquiteisd.org,No
410394001037,David Douglas High School,David Douglas SD 40,Portland,OR,2756.0,http://hs.ddouglas.k12.or.us/,No
064356007048,Yucaipa High,Yucaipa-Calimesa Joint Unified,Yucaipa,CA,2755.0,http://yhs.yucaipaschools.com,No
120144001454,WEST ORANGE HIGH,ORANGE,WINTER GARDEN,FL,2752.0,http://westorangehs.ocps.net/,No
063488011404,Mission Hills High,San Marcos Unified,San Marcos,CA,2751.0,http://www.smusd.org,No
482892011441,MANSFIELD LAKE RIDGE H S,MANSFIELD ISD,MANSFIELD,TX,2751.0,http://lakeridge.mansfieldisd.org/,No
483312003722,CLARK H S,NORTHSIDE ISD,SAN ANTONIO,TX,2750.0,http://nisd.net,No
370472003351,Apex Friendship High,Wake County Schools,Apex,NC,2748.0,http://www.wcpss.net/apexfriendshiphs,No
060846010360,Chino Hills High,Chino Valley Unified,Chino Hills,CA,2748.0,http://www.chino.k12.ca.us/domain/38,No
063417005351,Cajon High,San Bernardino City Unified,San Bernardino,CA,2748.0,http://www.sbcusd.com,No
482658008559,FOSTER H S,LAMAR CISD,RICHMOND,TX,2747.0,http://www.lcisd.org,No
060690000634,Calexico High,Calexico Unified,Calexico,CA,2746.0,http://www2.cusdk12.org,No
360010302878,SUSAN E WAGNER HIGH SCHOOL,NEW YORK CITY GEOGRAPHIC DISTRICT #31,STATEN ISLAND,NY,2743.0,http://www.wagnerhigh.net,No
063398005332,Alisal High,Salinas Union High,Salinas,CA,2742.0,http://www.salinasuhsd.org/domain/10,No
060744000701,San Clemente High,Capistrano Unified,San Clemente,CA,2740.0,http://sctritons.capousd.org/,No
060002809499,Temecula Valley High,Temecula Valley Unified,Temecula,CA,2739.0,,No
490042001525,Mountain Ridge High,Jordan District,HERRIMAN,UT,2738.0,,No
510126002529,Westfield High,Fairfax County Public Schools,Chantilly,VA,2737.0,,No
341680001902,Vineland Senior High School,Vineland Public School District,VINELAND,NJ,2736.0,http://www.vineland.org/vineland-high/,No
483057003445,LEGACY H S,MIDLAND ISD,MIDLAND,TX,2735.0,http://www.midlandisd.net,No
482406002682,TRINITY H S,HURST-EULESS-BEDFORD ISD,EULESS,TX,2734.0,,No
120159008685,DAVENPORT HIGH SCHOOL,POLK,DAVENPORT,FL,2731.0,http://davenporthigh.polkschoolsfl.com,No
060240014025,Feather River Charter,Feather River Charter District,Meridian,CA,2731.0,http://featherrivercharter.org/,Yes
120150002383,SPANISH RIVER COMMUNITY HIGH SCHOOL,PALM BEACH,BOCA RATON,FL,2730.0,http://srhs.palmbeachschools.org,No
482364008816,WESTSIDE H S,HOUSTON ISD,HOUSTON,TX,2729.0,http://www.houstonisd.org,No
061392011099,Summit High,Fontana Unified,Fontana,CA,2725.0,http://www.fusd.net,No
060210814037,San Diego Workforce Innovation High,San Diego Workforce Innovation High District,National City,CA,2722.0,http://www.innovationsandiego.org,Yes
390437300267,Centerville High School,Centerville City,Centerville,OH,2720.0,,No
062271002923,Grover Cleveland Charter High,Los Angeles Unified,Reseda,CA,2719.0,http://clevelandhs.org,Yes
483057003447,MIDLAND H S,MIDLAND ISD,MIDLAND,TX,2718.0,http://www.midlandisd.net,No
170505000188,Barrington High School,Barrington CUSD 220,Barrington,IL,2718.0,http://www.barrington220.org,No
320006000089,Rancho HS,Clark County,Las Vegas,NV,2715.0,,No
120171002261,LAKE MARY HIGH SCHOOL,SEMINOLE,LAKE MARY,FL,2714.0,http://lakemaryhs.scps.k12.fl.us/,No
483808011097,CEDAR RIDGE H S,ROUND ROCK ISD,ROUND ROCK,TX,2713.0,http://schools.roundrockisd.org/cedarridge,No
450384001129,Clover High,York 02,Clover,SC,2713.0,,No
060985009532,Centennial High,Corona-Norco Unified,Corona,CA,2712.0,http://centennial.cnusd.k12.ca.us,No
240051002951,Charles Herbert Flowers High,Prince George's County Public Schools,Springdale,MD,2712.0,http://www.pgcps.org/charleshflowers/,No
421701007482,North Allegheny HS,North Allegheny SD,Wexford,PA,2711.0,,No
510126000489,West Potomac High,Fairfax County Public Schools,Alexandria,VA,2710.0,,No
484653011511,WYLIE EAST H S,WYLIE ISD,WYLIE,TX,2709.0,,No
171956002235,Homewood-Flossmoor High School,Homewood Flossmoor CHSD 233,Flossmoor,IL,2707.0,http://www.hfhighschool.org,No
060282009515,Highland High,Antelope Valley Union High,Palmdale,CA,2706.0,http://www.highlandhs.org,No
130129000513,Walton High School,Cobb County,Marietta,GA,2705.0,http://www.waltonhigh.org,Yes
130255004212,Discovery High School,Gwinnett County,Lawrenceville,GA,2703.0,,No
061182010665,Evergreen Valley High,East Side Union High,San Jose,CA,2703.0,http://evergreenvalley.esuhsd.org/,No
063315008268,Martin Luther King Jr. High,Riverside Unified,Riverside,CA,2699.0,http://king.riversideunified.org/,No
484496005125,WESLACO H S,WESLACO ISD,WESLACO,TX,2699.0,http://whs.wisd.us/,No
062580009404,Valley View High,Moreno Valley Unified,Moreno Valley,CA,2699.0,http://valleyview.mvusd.net,No
172307002544,Lincoln-Way East High School,Lincoln Way CHSD 210,Frankfort,IL,2696.0,http://www.lw210.org,No
310001601023,GRAND ISLAND SENIOR HIGH SCHOOL,GRAND ISLAND PUBLIC SCHOOLS,GRAND ISLAND,NE,2696.0,,Not applicable
068450013995,Portola High,Irvine Unified,Irvine,CA,2693.0,http://portolahigh.iusd.org,No
063417010365,Arroyo Valley High,San Bernardino City Unified,San Bernardino,CA,2692.0,http://www.sbcusd.com,No
420204003241,Abington SHS,Abington SD,Abington,PA,2692.0,,No
173045003168,Wm Fremd High School,Township HSD 211,Palatine,IL,2689.0,http://adc.d211.org/Domain/9,No
481818008843,ECONOMEDES H S,EDINBURG CISD,EDINBURG,TX,2689.0,,No
120150002631,WELLINGTON HIGH SCHOOL,PALM BEACH,WELLINGTON,FL,2689.0,http://welh.palmbeachschools.org,No
402025000998,MOORE HS,MOORE,Moore,OK,2688.0,http://www.mooreschools.com,No
060282004582,Lancaster High,Antelope Valley Union High,Lancaster,CA,2688.0,http://www.lnhs.org,No
340450003326,John P. Stevens High School,Edison Township School District,EDISON,NJ,2687.0,http://jps.edison.k12.nj.us/,No
483064003463,MIDWAY H S,MIDWAY ISD,WACO,TX,2687.0,http://midwayisd.org,No
120144008827,HORIZON HIGH SCHOOL,ORANGE,WINTER GARDEN,FL,2685.0,,No
060263000172,Cypress High,Anaheim Union High,Cypress,CA,2685.0,http://cypress.auhsd.us,No
490036000764,Taylorsville High,Granite District,TAYLORSVILLE,UT,2685.0,http://www.graniteschools.org/hs/taylorsville/,No
080291001625,Grandview High School,Cherry Creek School District No. 5 in the county of Arapah,AURORA,CO,2684.0,,No
120105003868,EAST RIDGE HIGH SCHOOL,LAKE,CLERMONT,FL,2683.0,http://erh.lake.k12.fl.us/,No
040963003076,San Luis High School,Yuma Union High School District (4507),San Luis,AZ,2682.0,http://N/A,No
320006000714,Legacy HS,Clark County,N  Las Vegas,NV,2682.0,,No
120147004118,CELEBRATION HIGH SCHOOL,OSCEOLA,CELEBRATION,FL,2681.0,http://www.osceolaschools.net,No
062927010452,Pacifica High,Oxnard Union High,Oxnard,CA,2675.0,http://www.pacificahigh.us,No
120147004013,HARMONY HIGH SCHOOL,OSCEOLA,ST CLOUD,FL,2673.0,http://www.osceolaschools.net,No
340228000173,Bridgewater-Raritan High School,Bridgewater-Raritan Regional School District,Bridgewater,NJ,2673.0,http://www.hs.brrsd.org,No
483318003732,NORTHWEST H S,NORTHWEST ISD,JUSTIN,TX,2672.0,http://nhs.nisdtx.org,No
130057001873,Richmond Hill High School,Bryan County,Richmond Hill,GA,2671.0,,No
483312006148,TAFT H S,NORTHSIDE ISD,SAN ANTONIO,TX,2670.0,http://nisd.net,No
483702004151,RICHARDSON H S,RICHARDSON ISD,RICHARDSON,TX,2669.0,http://schools.risd.org/RichardsonHS,No
481428011984,CLEAR SPRINGS H S,CLEAR CREEK ISD,LEAGUE CITY,TX,2668.0,http://www.ccisd.net,No
